iter	Passed	Remaining
0	84	84769
1	89	44731
2	97	32390
3	102	25474
4	106	21277
5	110	18259
6	113	16159
7	118	14720
8	123	13645
9	130	12873
10	133	12022
11	135	11184
12	139	10568
13	142	10049
14	145	9568
15	149	9175
16	152	8813
17	155	8493
18	159	8211
19	162	7945
20	163	7621
21	166	7403
22	169	7210
23	173	7043
24	176	6887
25	180	6748
26	183	6605
27	186	6475
28	189	6355
29	192	6235
30	195	6119
31	198	6008
32	201	5905
33	204	5819
34	207	5733
35	211	5659
36	214	5577
37	217	5504
38	220	5430
39	223	5360
40	226	5300
41	230	5248
42	233	5198
43	237	5153
44	240	5103
45	243	5057
46	247	5019
47	251	4981
48	254	4947
49	258	4907
50	261	4870
51	265	4845
52	269	4811
53	272	4780
54	276	4748
55	279	4715
56	283	4689
57	287	4662
58	290	4631
59	293	4602
60	295	4545
61	297	4505
62	301	4477
63	304	4456
64	308	4433
65	312	4419
66	315	4398
67	319	4375
68	322	4356
69	326	4335
70	329	4317
71	333	4299
72	337	4282
73	341	4276
74	345	4261
75	348	4233
76	351	4208
77	354	4192
78	358	4179
79	363	4182
80	366	4157
81	371	4153
82	374	4139
83	378	4125
84	382	4114
85	386	4105
86	389	4089
87	393	4072
88	396	4056
89	400	4044
90	403	4032
91	407	4024
92	411	4013
93	415	4004
94	419	3993
95	422	3980
96	426	3969
97	430	3961
98	434	3951
99	437	3938
100	441	3926
101	445	3918
102	448	3904
103	451	3891
104	455	3880
105	458	3870
106	462	3860
107	466	3849
108	469	3840
109	473	3834
110	477	3827
111	481	3814
112	484	3802
113	487	3789
114	490	3778
115	494	3766
116	497	3755
117	500	3743
118	503	3730
119	505	3707
120	508	3695
121	511	3684
122	515	3675
123	518	3664
124	522	3655
125	525	3645
126	528	3636
127	532	3625
128	535	3618
129	539	3608
130	542	3598
131	545	3589
132	549	3580
133	552	3571
134	556	3564
135	559	3556
136	563	3550
137	567	3544
138	571	3538
139	574	3530
140	578	3522
141	581	3513
142	584	3505
143	588	3498
144	591	3490
145	594	3477
146	597	3469
147	601	3460
148	604	3452
149	608	3445
150	612	3442
151	615	3435
152	619	3428
153	623	3423
154	626	3417
155	630	3409
156	632	3397
157	636	3390
158	639	3383
159	643	3377
160	646	3370
161	650	3363
162	653	3357
163	657	3350
164	659	3337
165	662	3330
166	666	3322
167	669	3316
168	673	3311
169	675	3298
170	678	3290
171	682	3283
172	685	3277
173	689	3272
174	692	3266
175	696	3260
176	699	3253
177	703	3247
178	704	3233
179	708	3226
180	711	3221
181	715	3215
182	718	3209
183	722	3203
184	725	3197
185	729	3194
186	733	3189
187	737	3185
188	741	3181
189	744	3175
190	748	3170
191	752	3165
192	755	3158
193	758	3152
194	762	3148
195	764	3136
196	768	3130
197	771	3124
198	775	3119
199	778	3114
200	782	3109
201	786	3106
202	790	3101
203	791	3088
204	794	3082
205	797	3073
206	801	3068
207	804	3064
208	808	3059
209	811	3053
210	815	3047
211	819	3044
212	822	3039
213	827	3037
214	830	3032
215	833	3027
216	837	3022
217	841	3017
218	844	3012
219	846	3002
220	850	2998
221	854	2993
222	857	2988
223	861	2983
224	864	2978
225	868	2973
226	871	2967
227	875	2963
228	878	2958
229	882	2953
230	885	2948
231	889	2942
232	892	2937
233	895	2932
234	899	2927
235	902	2922
236	906	2917
237	909	2911
238	912	2906
239	916	2902
240	920	2897
241	923	2892
242	926	2887
243	930	2884
244	934	2880
245	938	2875
246	941	2870
247	945	2865
248	948	2861
249	952	2857
250	954	2849
251	958	2844
252	961	2839
253	965	2834
254	968	2830
255	972	2826
256	976	2823
257	980	2819
258	981	2809
259	985	2804
260	989	2800
261	993	2797
262	996	2793
263	1001	2791
264	1005	2790
265	1010	2787
266	1013	2783
267	1017	2779
268	1023	2780
269	1027	2776
270	1031	2774
271	1035	2771
272	1039	2768
273	1043	2763
274	1046	2759
275	1050	2755
276	1053	2750
277	1057	2746
278	1061	2743
279	1064	2738
280	1069	2735
281	1072	2730
282	1076	2726
283	1079	2722
284	1083	2717
285	1086	2712
286	1089	2707
287	1093	2704
288	1097	2700
289	1100	2694
290	1103	2689
291	1106	2683
292	1110	2679
293	1113	2674
294	1117	2670
295	1120	2664
296	1123	2659
297	1126	2654
298	1130	2649
299	1133	2645
300	1137	2640
301	1140	2635
302	1143	2630
303	1146	2625
304	1150	2621
305	1153	2616
306	1157	2611
307	1160	2606
308	1163	2602
309	1166	2596
310	1170	2592
311	1173	2588
312	1176	2582
313	1179	2577
314	1182	2571
315	1185	2566
316	1188	2560
317	1191	2555
318	1195	2551
319	1199	2548
320	1202	2543
321	1205	2538
322	1208	2533
323	1212	2528
324	1215	2524
325	1218	2519
326	1220	2511
327	1223	2507
328	1226	2502
329	1229	2496
330	1233	2492
331	1236	2487
332	1239	2482
333	1242	2477
334	1245	2472
335	1248	2467
336	1251	2462
337	1254	2457
338	1257	2452
339	1260	2447
340	1264	2442
341	1267	2437
342	1270	2432
343	1273	2428
344	1276	2424
345	1280	2419
346	1283	2415
347	1286	2411
348	1290	2406
349	1293	2402
350	1296	2397
351	1299	2392
352	1302	2387
353	1306	2383
354	1310	2380
355	1313	2375
356	1316	2370
357	1319	2365
358	1322	2361
359	1325	2356
360	1328	2352
361	1331	2347
362	1335	2342
363	1338	2338
364	1341	2333
365	1344	2329
366	1347	2324
367	1350	2320
368	1354	2315
369	1357	2310
370	1360	2305
371	1363	2301
372	1366	2296
373	1369	2292
374	1372	2287
375	1375	2283
376	1378	2278
377	1382	2274
378	1385	2269
379	1388	2265
380	1391	2261
381	1394	2256
382	1398	2252
383	1401	2247
384	1404	2243
385	1408	2240
386	1412	2236
387	1415	2232
388	1418	2228
389	1421	2223
390	1424	2219
391	1429	2216
392	1432	2212
393	1435	2207
394	1438	2203
395	1441	2198
396	1445	2195
397	1448	2191
398	1452	2187
399	1455	2182
400	1458	2177
401	1460	2173
402	1463	2168
403	1467	2164
404	1469	2159
405	1472	2154
406	1476	2150
407	1479	2146
408	1482	2142
409	1485	2138
410	1488	2133
411	1492	2129
412	1495	2125
413	1498	2120
414	1501	2115
415	1504	2111
416	1507	2108
417	1510	2103
418	1514	2099
419	1517	2096
420	1521	2092
421	1524	2088
422	1527	2084
423	1530	2079
424	1534	2075
425	1537	2071
426	1540	2067
427	1543	2063
428	1546	2058
429	1550	2055
430	1553	2051
431	1557	2047
432	1560	2043
433	1564	2040
434	1568	2036
435	1572	2033
436	1575	2029
437	1578	2026
438	1582	2021
439	1585	2018
440	1588	2014
441	1592	2010
442	1595	2006
443	1599	2002
444	1603	1999
445	1607	1997
446	1611	1993
447	1614	1989
448	1618	1985
449	1621	1981
450	1625	1978
451	1628	1974
452	1631	1970
453	1635	1966
454	1638	1962
455	1642	1959
456	1645	1955
457	1648	1951
458	1652	1947
459	1655	1943
460	1658	1939
461	1662	1935
462	1665	1931
463	1668	1927
464	1671	1923
465	1674	1919
466	1677	1915
467	1681	1911
468	1684	1906
469	1687	1903
470	1691	1899
471	1694	1895
472	1698	1892
473	1701	1888
474	1704	1883
475	1707	1880
476	1711	1876
477	1714	1872
478	1717	1867
479	1720	1864
480	1724	1860
481	1727	1856
482	1730	1852
483	1733	1848
484	1736	1844
485	1740	1840
486	1743	1836
487	1745	1831
488	1748	1827
489	1752	1823
490	1755	1819
491	1758	1815
492	1761	1811
493	1764	1807
494	1768	1804
495	1771	1800
496	1775	1796
497	1778	1792
498	1781	1788
499	1784	1784
500	1788	1781
501	1791	1777
502	1794	1772
503	1797	1769
504	1801	1765
505	1804	1761
506	1808	1758
507	1811	1754
508	1814	1750
509	1818	1747
510	1822	1743
511	1825	1739
512	1828	1735
513	1831	1731
514	1834	1727
515	1837	1723
516	1840	1719
517	1843	1715
518	1846	1711
519	1849	1707
520	1853	1703
521	1856	1699
522	1859	1695
523	1862	1692
524	1866	1688
525	1870	1685
526	1873	1681
527	1876	1677
528	1879	1673
529	1883	1669
530	1886	1666
531	1889	1662
532	1892	1658
533	1895	1654
534	1898	1650
535	1902	1646
536	1905	1642
537	1908	1639
538	1911	1635
539	1915	1631
540	1919	1628
541	1922	1624
542	1925	1620
543	1931	1619
544	1934	1615
545	1939	1612
546	1943	1609
547	1947	1606
548	1950	1602
549	1953	1598
550	1956	1594
551	1959	1590
552	1963	1586
553	1966	1583
554	1969	1579
555	1972	1575
556	1976	1572
557	1979	1568
558	1982	1564
559	1986	1560
560	1988	1556
561	1992	1552
562	1995	1548
563	1998	1545
564	2002	1541
565	2006	1538
566	2009	1534
567	2013	1531
568	2016	1527
569	2019	1523
570	2022	1519
571	2025	1515
572	2028	1511
573	2031	1507
574	2034	1503
575	2037	1500
576	2040	1496
577	2043	1492
578	2046	1488
579	2049	1484
580	2053	1480
581	2056	1476
582	2059	1473
583	2062	1469
584	2065	1465
585	2069	1462
586	2072	1458
587	2075	1454
588	2078	1450
589	2082	1446
590	2085	1443
591	2088	1439
592	2091	1435
593	2094	1431
594	2097	1427
595	2100	1424
596	2104	1420
597	2108	1417
598	2111	1413
599	2114	1409
600	2118	1406
601	2121	1402
602	2124	1398
603	2127	1394
604	2130	1391
605	2134	1387
606	2137	1383
607	2140	1380
608	2143	1376
609	2146	1372
610	2149	1368
611	2152	1364
612	2155	1361
613	2159	1357
614	2162	1353
615	2165	1349
616	2168	1346
617	2171	1342
618	2174	1338
619	2177	1334
620	2180	1330
621	2183	1327
622	2187	1323
623	2190	1320
624	2194	1316
625	2197	1312
626	2200	1309
627	2204	1305
628	2207	1302
629	2210	1298
630	2213	1294
631	2217	1290
632	2220	1287
633	2223	1283
634	2226	1279
635	2229	1275
636	2232	1272
637	2235	1268
638	2238	1264
639	2241	1260
640	2244	1257
641	2247	1253
642	2250	1249
643	2253	1245
644	2256	1242
645	2259	1238
646	2262	1234
647	2265	1230
648	2268	1227
649	2271	1223
650	2274	1219
651	2277	1215
652	2281	1212
653	2284	1208
654	2287	1205
655	2290	1201
656	2293	1197
657	2297	1194
658	2300	1190
659	2303	1186
660	2307	1183
661	2310	1179
662	2313	1176
663	2316	1172
664	2319	1168
665	2323	1165
666	2326	1161
667	2329	1157
668	2332	1154
669	2335	1150
670	2338	1146
671	2342	1143
672	2345	1139
673	2348	1135
674	2351	1132
675	2354	1128
676	2357	1124
677	2360	1121
678	2363	1117
679	2366	1113
680	2370	1110
681	2373	1106
682	2376	1102
683	2379	1099
684	2382	1095
685	2385	1091
686	2388	1088
687	2391	1084
688	2394	1080
689	2397	1077
690	2400	1073
691	2404	1070
692	2407	1066
693	2410	1062
694	2413	1059
695	2416	1055
696	2419	1052
697	2423	1048
698	2426	1044
699	2429	1041
700	2432	1037
701	2435	1033
702	2438	1030
703	2441	1026
704	2444	1023
705	2447	1019
706	2451	1015
707	2454	1012
708	2457	1008
709	2460	1005
710	2463	1001
711	2466	997
712	2469	994
713	2473	990
714	2476	986
715	2479	983
716	2482	979
717	2485	976
718	2488	972
719	2491	968
720	2494	965
721	2497	961
722	2500	958
723	2503	954
724	2507	951
725	2510	947
726	2513	944
727	2517	940
728	2520	936
729	2523	933
730	2526	929
731	2529	926
732	2532	922
733	2536	919
734	2539	915
735	2542	911
736	2545	908
737	2548	904
738	2551	901
739	2554	897
740	2557	894
741	2561	890
742	2564	886
743	2567	883
744	2570	879
745	2573	876
746	2576	872
747	2579	869
748	2583	865
749	2586	862
750	2589	858
751	2593	855
752	2596	851
753	2599	848
754	2602	844
755	2606	841
756	2609	837
757	2612	834
758	2615	830
759	2618	827
760	2622	823
761	2624	819
762	2628	816
763	2630	812
764	2633	809
765	2636	805
766	2639	801
767	2642	798
768	2646	794
769	2648	791
770	2652	787
771	2656	784
772	2659	781
773	2662	777
774	2665	773
775	2668	770
776	2672	766
777	2675	763
778	2678	759
779	2681	756
780	2684	752
781	2688	749
782	2691	745
783	2694	742
784	2697	738
785	2701	735
786	2704	731
787	2708	728
788	2711	725
789	2714	721
790	2717	718
791	2721	714
792	2724	711
793	2727	707
794	2730	703
795	2733	700
796	2736	696
797	2739	693
798	2742	689
799	2745	686
800	2748	682
801	2751	679
802	2754	675
803	2757	672
804	2761	668
805	2764	665
806	2767	661
807	2770	658
808	2774	654
809	2777	651
810	2780	647
811	2783	644
812	2786	640
813	2789	637
814	2792	633
815	2796	630
816	2799	626
817	2803	623
818	2806	620
819	2809	616
820	2812	613
821	2815	609
822	2818	606
823	2821	602
824	2825	599
825	2827	595
826	2831	592
827	2834	588
828	2837	585
829	2840	581
830	2843	578
831	2846	574
832	2849	571
833	2853	567
834	2856	564
835	2859	560
836	2862	557
837	2865	554
838	2868	550
839	2872	547
840	2875	543
841	2878	540
842	2881	536
843	2884	533
844	2887	529
845	2891	526
846	2894	522
847	2897	519
848	2900	515
849	2904	512
850	2908	509
851	2911	505
852	2914	502
853	2917	498
854	2920	495
855	2924	491
856	2927	488
857	2930	484
858	2933	481
859	2936	478
860	2939	474
861	2942	471
862	2945	467
863	2949	464
864	2952	460
865	2955	457
866	2959	453
867	2962	450
868	2965	446
869	2968	443
870	2971	440
871	2974	436
872	2977	433
873	2980	429
874	2983	426
875	2986	422
876	2990	419
877	2994	416
878	2997	412
879	3001	409
880	3004	405
881	3008	402
882	3011	399
883	3014	395
884	3017	392
885	3020	388
886	3023	385
887	3026	381
888	3029	378
889	3033	374
890	3036	371
891	3039	368
892	3042	364
893	3045	361
894	3048	357
895	3051	354
896	3054	350
897	3058	347
898	3061	343
899	3064	340
900	3067	337
901	3070	333
902	3073	330
903	3076	326
904	3079	323
905	3082	319
906	3086	316
907	3090	313
908	3093	309
909	3096	306
910	3099	302
911	3103	299
912	3107	296
913	3110	292
914	3113	289
915	3116	285
916	3119	282
917	3123	278
918	3126	275
919	3129	272
920	3132	268
921	3135	265
922	3138	261
923	3141	258
924	3144	254
925	3147	251
926	3150	248
927	3153	244
928	3156	241
929	3160	237
930	3162	234
931	3166	230
932	3169	227
933	3172	224
934	3175	220
935	3178	217
936	3180	213
937	3184	210
938	3187	207
939	3190	203
940	3193	200
941	3196	196
942	3199	193
943	3203	190
944	3206	186
945	3209	183
946	3212	179
947	3215	176
948	3218	172
949	3221	169
950	3225	166
951	3228	162
952	3230	159
953	3233	155
954	3236	152
955	3240	149
956	3243	145
957	3246	142
958	3249	138
959	3252	135
960	3255	132
961	3258	128
962	3261	125
963	3264	121
964	3267	118
965	3270	115
966	3273	111
967	3277	108
968	3280	104
969	3283	101
970	3286	98
971	3289	94
972	3292	91
973	3295	87
974	3298	84
975	3302	81
976	3306	77
977	3309	74
978	3312	71
979	3315	67
980	3318	64
981	3321	60
982	3325	57
983	3328	54
984	3332	50
985	3335	47
986	3339	43
987	3342	40
988	3345	37
989	3348	33
990	3351	30
991	3354	27
992	3357	23
993	3360	20
994	3363	16
995	3366	13
996	3369	10
997	3372	6
998	3375	3
999	3378	0
